lol,10059
new,9124
closed,8967
when,8877
see,8404
need,8275
today,7843
for,7507
pips,7457
really,7193
how,6969
video,6820
can't,6757
what,6637
think,6601
i've,6563
happy,6561
photo,6383
tweet,6372
still,6356
much,6317
and,6146
shit,6083
man,6072
first,6037
more,5866
fuck,5832
high,5802
someone,5792
free,5736
look,5687
going,5669
buy,5599
autocopy,5453
best,5353
even,5326
would,5313
right,5308
it's,5228
ever,5119
that,5080
with,4968
take,4928
just,4888
trade,4855
way,4841
great,4819
vote,4814
last,4780
money,4724
why,4579
feel,4579
haha,4575
gonna,4534
girl,4506
your,4396
thank,4396
that's,4334
night,4314
day,4282
love,4257
ang,4249
all,4203
sell,4175
thanks,4153
well,4117
watch,4102
feels,4089
real,4086
could,4020
may,3990
yes,3924
top,3908
every,3894
good,3890
baby,3884
hate,3854
things,3852
rain,3813
now,3809
diet,3771
one,3758
please,3749
pussy,3747
hahaha,3738
liked,3692
press,3673
teen,3665
home,3662
birthday,3621
health,3612
wanna,3592
wind,3538
don't,3535
stop,3511
asian,3504
news,3474
fucking,3465
big,3441
not,3416
milf,3402
aku,3399
next,3389
sold,3388
lmao,3373
something,3372
google,3370
made,3349
everyone,3346
amateur,3338
bad,3329
thing,3308
yang,3304
are,3285
temp,3277
said,3269
car,3268
nipples,3267
day's,3257
give,3244
morning,3242
kathniel,3236
nowplaying,3234
school,3230
days,3230
inked,3224
bigtits,3222
two,3212
find,3211
tak,3206
show,3205
guys,3188
getting,3175
win,3169
miss,3163
game,3151
msgmyandurchoice,3135
listenlive,3133
ero,3126
jav,3124
rtandfollow,3120
japanav,3120
person,3107
omg,3058
bought,3008
says,3003
god,3002
facebook,3000
cute,2994
white,2990
dress,2929
wedding,2922
trading,2908
tell,2903
but,2897
week,2885
help,2885
posted,2881
friends,2878
has,2868
forex,2865
wait,2844
like,2829
long,2817
wow,2798
earn,2786
hair,2785
girls,2785
yeah,2765
nak,2763
many,2756
time,2737
song,2729
talk,2704
little,2694
hope,2690
eurusd,2684
black,2678
can,2670
tonight,2663
ass,2654
nice,2653
upto,2642
actually,2589
obama,2565
beautiful,2559
sleep,2558
start,2551
makes,2549
didn't,2532
old,2513
ada,2497
another,2493
movie,2471
book,2465
i'll,2455
TRUE,2446
done,2433
tomorrow,2432
gadgetifo,2431
out,2424
funny,2419
who,2415
have,2410
check,2393
sorry,2392
iphone,2392
play,2365
he's,2360
deal,2354
looking,2349
download,2343
people,2333
ako,2309
put,2296
nigga,2289
team,2284
looks,2284
amazing,2267
doesn't,2258
they,2256
scottsdale,2256
trying,2252
heart,2252
live,2245
ready,2243
bitch,2233
damn,2231
okay,2226
around,2219
wish,2215
part,2214
collected,2213
market,2210
android,2207
listen,2202
twitter,2201
away,2179
house,2166
use,2159
call,2156
ini,2155
post,2153
times,2149
phone,2147
fun,2146
care,2143
try,2132
share,2103
nothing,2098
gold,2096
already,2092
change,2091
retweet,2080
super,2079
sure,2076
thought,2075
face,2073
music,2060
world,2031
lang,2028
friend,2027
remember,2023
coming,2009
stay,1999
anyone,1995
falling,1992
read,1990
hot,1983
without,1977
text,1969
slowly,1958
will,1953
open,1950
gotta,1947
end,1938
|replay|,1935
women,1930
ain't,1930
let's,1917
from,1909
lot,1901
what's,1899
periscope,1894
family,1893
full,1885
guy,1883
making,1882
seen,1858
gets,1857
there's,1846
pretty,1845
katch,1832
mom,1830
watching,1829
kau,1828
there,1827
our,1822
past,1810
boy,1802
mean,1800
dah,1799
dan,1797
album,1794
since,1792
life,1792
about,1787
rising,1784
hey,1782
must,1781
cause,1780
dia,1778
ipad,1769
india,1765
value,1764
fans,1763
wrong,1756
anything,1756
nearly,1752
here,1746
online,1744
back,1738
hahahaha,1728
cool,1728
never,1727
y'all,1724
city,1723
crazy,1722
young,1721
she,1709
feeling,1707
name,1706
else,1703
party,1697
massive,1697
we're,1695
mind,1690
dead,1686
too,1684
christmas,1677
soon,1660
finally,1656
pick,1655
though,1648
set,1648
left,1638
tomiho,1636
smh,1631
woman,1630
hit,1622
holley,1609
might,1607
sometimes,1602
finance,1597
star,1593
she's,1580
eat,1576
ask,1576
used,1574
food,1570
yung,1559
trump,1559
season,1559
some,1558
hell,1558
orang,1554
enough,1551
weekend,1545
weight,1544
red,1540
lagi,1539
found,1539
most,1533
literally,1531
que,1528
bro,1523
whole,1521
talking,1519
state,1517
cant,1516
future,1515
they're,1510
haiku,1510
huge,1503
mga,1500
bonus,1500
head,1498
jadi,1496
its,1494
lose,1489
leave,1488
year,1487
sad,1487
gain,1485
kita,1481
again,1481
zika,1474
yet,1472
update:,1469
class,1468
kids,1465
support,1462
miho,1461
kalau,1461
subscribers,1457
police,1457
here:,1455
her,1455
isn't,1448
single,1447
won't,1444
hear,1443
know,1440
dog,1440
meet,1438
favorite,1436
binary,1436
tho,1435
power,1426
excited,1423
after,1419
free+bonus,1417
nowo,1415
wants,1411
president,1411
comes,1409
perfect,1403
rt,1397
lost,1396
you're,1395
tripled,1395
effi,1394
sex,1388
story,1387
die,1387
it,1382
apa,1381
hours,1376
barack,1373
goes,1371
different,1365
niggas,1363
fight,1363
needs,1362
news:,1360
weeks,1359
human,1359
understand,1357
up,1354
water,1352
was,1352
poetry,1351
bisa,1351
went,1346
job,1346
together,1332
ebay,1331
hello,1330
playing,1329
app,1329
body,1324
questions,1321
probably,1321
us,1318
place,1317
bed,1315
awesome,1312
para,1307
tired,1306
pentru,1305
run,1300
did,1300
giveyourheartdd:,1299
ke:,1290
far,1289
naman,1287
line,1287
isis,1287
want,1286
saying,1283
case,1277
mad,1274
branding,1274
moment,1269
these,1268
yesterday,1265
three,1264
point,1259
wtf,1252
media,1247
final,1245
boys,1244
told,1236
his,1235
late,1234
maybe,1225
got,1224
make,1222
only,1221
kca,1221
forget,1218
forever,1217
saw,1214
bila,1213
over,1209
waiting,1208
men,1206
healthy,1202
nya,1200
picture,1199
number,1198
harry,1195
turn,1192
i'd,1192
books,1189
join,1186
fall,1186
buat,1185
break,1185
taking,1184
lah,1184
tbh,1182
crco,1180
came,1171
pls,1170
second,1169
thinking,1168
&gt;,1166
growth,1165
eyes,1165
move,1164
working,1159
friday,1159
save,1158
college,1156
influence,1143
early,1142
nah,1141
called,1141
date,1135
trust,1134
bring,1132
smile,1129
reason,1128
pay,1127
followers,1120
dude,1120
using,1119
air,1119
ago,1117
untuk,1114
relationship,1112
easy,1112
come,1112
sanatate,1109
worst,1106
welcome,1106
sweet,1106
bae,1106
maharehmokarm,1102
tips,1101
products,1101
net,1101
them,1100
msg,1092
fine,1092
fast,1088
history,1087
music:,1082
markets,1082
cancer,1082
month,1081
prieteni,1079
winner,1077
games,1074
almost,1073
social,1070
movies,1070
here's,1070
success,1068
takes,1066
songs,1062
killed,1058
death,1058
room,1056
group,1056
words,1055
send,1055
goals,1055
million,1054
haven't,1054
study,1049
mood,1049
control,1049
virus,1048
let,1047
important,1046
reuters,1044
nzdusd,1044
half,1044
government,1042
beat,1042
special,1041
least,1041
basic,1041
tapi,1040
idk,1039
crying,1038
baru,1038
msgproductsinmarket,1037
kill,1037
john,1036
gone,1034
itu,1033
dad,1033
kind,1031
info,1022
art,1022
parents,1020
guess,1018
stock,1015
football,1013
photos,1009
word,1007
gown,1007
court,1007
cold,1006
apple,1006
shows,1002
series,1000
hold,1000
anymore,999
me,998
hindi,996
david,992
talaga,991
close,991
follow,989
wanted,988
drama,987
work,986
learn,986
strong,985
proud,984
plan,983
pic,981
off,981
code,981
worth,980
dear,980
bless,980
straight,977
fire,977
war,975
bridal,975
queen,973
where,971
checked,965
travel,964
matter,962
light,960
goal,959
dari,959
minutes,958
took,956
started,956
behind,953
west,952
loved,952
side,951
honestly,951
means,948
saya,947
heard,947
harvested,946
automatically,945
fox:,944
amazon,944
guru,939
cry,939
aja,938
update,936
compilation,936
king,935
everything,935
zayn,932
you've,931
oil,931
idea,931
sunday,928
summer,927
type,926
dengan,925
small,923
dream,923
crash,923
kat,922
cat,922
act,922
radio,919
fucked,914
episode,914
chill,913
cut,912
washington,911
profit,911
dance,911
china,911
kanye,908
main,907
boleh,907
ppl,905
bit,905
alone,904
stocks,903
sick,903
pun,902
five,902
american,902
wear,900
eurjpy,900
lamo,898
bowl,896
nga,894
hari,893
visual,892
shot,891
papa,891
eating,891
brand,891
hurt,890
build,890
yall,889
couple,888
less,887
bestseller,886
kimxi,885
seriously,884
recruitment,883
happen,882
gbpjpy,882
model,881
who's,880
fake,878
bruh,877
stupid,876
lets,873
truth,872
list,868
short,865
kaya,865
bbc:,864
loss,862
respect,860
:),859
test,857
oregonstandoff,856
deep,856
chance,856
bye,856
won,855
always,854
problem,853
congrats,850
become,848
ways,847
seeing,847
child,847
him,846
film,845
video:,844
yan,843
wake,843
internet,843
walk,842
nobody,842
weird,841
united,841
sounds,841
mass,841
enjoy,841
wonder,840
sanjayator,838
same,838
available,838
louis,837
keep,836
york,835
question,835
london,834
wife,832
public,830
match,828
hand,828
din,828
card,828
ugly,827
fat,827
cheap,827
gained,826
wasn't,824
stuff,824
gbpusd,824
phoenix,821
later,820
children,820
style,819
park,819
marketing,818
till,817
exactly,817
latest,815
kid,815
stories,813
muscle,812
lil,812
happened,812
south,811
america,811
official,809
four,809
son,806
michael,805
key,804
drmsg,803
very,798
siguemeytesigo,797
voice,796
cover,796
sound,794
contest,793
blue,791
rock,790
invest,790
inside,789
down,789
swear,788
country,788
then,787
outside,787
celine,787
months,786
mcm,786
gives,786
kiss,785
sing,784
lmfao,783
hehe,783
knew,781
gave,781
hour,779
cup,779
unfollowed,777
rest,777
should,776
tech,775
self,775
quality,775
donald,775
bored,773
kung,772
hai,770
you'll,769
bout,769
sale,768
missing,767
hotel,767
better,765
thats,764
xauusd,763
running,763
dion,763
giving,762
road,761
jam,761
donate,760
risk,759
following,759
drive,759
years,758
stand,758
reply,757
no,756
events,756
either,756
secret,755
catch,753
promo,751
congratulations,750
trend,749
age,747
winter,746
meeting,746
national,745
aren't,745
mine,744
daily,744
vbnet,743
does,743
link,742
drop,741
attack,741
street,740
bill,740
joke,739
rip,737
brother,737
listening,736
charity,736
drake,735
greatest,732
pero,730
kim,730
biggest,728
barackobama,728
sign,727
say,726
player,726
lace,726
green,726
cbb,726
usdjpy,725
ice,725
kinda,724
allah,724
eurcad,723
celinedion,721
tried,720
toyota,720
everyday,720
lit,719
sama,718
feelings,718
everybody,717
org,716
lebih,716
knows,716
hahahahaha,716
ni,714
lie,714
monday,713
lord,713
awards,712
sexy,711
glad,711
asked,711
simple,710
instead,710
min,707
rugbysevens,706
bang,706
blood,705
bitches,705
level,703
cars,703
calls,703
kami,700
jabberduck,700
genetic,700
report,697
mana,696
low,696
laugh,696
interview,696
global,695
exam,695
trailer,694
wins,692
fam,692
san,691
record,691
msaccess,689
hits,689
datareader,689
club,689
step,687
action,687
wala,686
semua,686
security,686
others,685
ibm,685
data,685
concert,684
band,682
hands,681
order,680
mau,680
serious,678
ones,678
luck,678
dick,678
lady,677
shut,676
energy,675
(via,675
sticks,674
pictures,674
pain,673
being,673
podcast,670
gay,670
results,669
lyrics,669
front,669
tax,668
realize,668
wearing,667
investing,667
happens,667
chinese,666
saturday,665
jangan,664
because,664
holy,662
startup,661
bet,661
ball,661
race,659
acid,659
rxmd,657
jesus,657
drink,657
imagine,654
dgn,654
whatever,653
kan,653
agree,653
quick,652
annoying,652
answers:,651
happiness,650
rather,649
gift,649
definitely,649
answer,649
reading,648
paris,648
caught,648
bts,647
balik,647
makeup,645
stick,644
release,644
business,643
ride,642
january,642
tau,638
performance,638
somebody,637
seems,637
lead,637
north,635
indian,635
system,634
mas,634
bbc,634
fact,633
entire,633
dont,633
chris,633
soundcloud,630
possible,630
iowa,630
bank,630
pag,629
safe,628
course,628
appreciate,628
ahead,628
services,626
videos,625
before,625
vs,624
ng:,622
near,622
cannot,622
boyfriend,622
field,621
peace,620
tommy,619
stars,618
skin,618
round,618
building,618
wouldn't,617
shooting,617
attention,617
loving,616
speak,615
me:,615
german,614
on,613
macam,613
is,613
kay,612
broke,612
smart,611
science,611
international,611
dogs,611
message,610
experience,610
you?,609
boss,609
klik,608
development,608
hum,607
arsenal,607
starts,606
talks,605
beach,605
visit,604
sana,604
dalam,604
masih,603
dumb,603
plans,602
hain,602
dulu,602
double,602
spend,601
middle,601
laughing,601
tryna,598
stage,597
quote,597
price,597
fashion,597
worry,596
mobile,596
forward,596
chat,596
fox,595
law,594
hoe,594
earth,594
nne,593
trending,592
tour,591
space,590
lucky,589
spot,588
research,587
hoes,587
favstar_bot:,587
university,586
grow,586
collection,586
smoke,585
selfie,585
in,584
missed,583
minute,583
los,583
believe,583
busy,582
starting,581
reseller,581
met,581
league,581
track,580
education,580
yourself,578
sports,577
review,577
dropship,577
deserve,577
pics,576
to,575
gosife,575
brain,575
played,574
forgot,574
sucks,573
response,573
lovely,573
hahah,573
judge,572
major,571
go,571
training,570
russian,570
able,570
gorgeous,569
pass,568
interesting,568
girlfriend,568
euraud,568
vintage,567
drunk,567
absolutely,567
watched,566
student,566
jimin,566
factors,566
dancing,565
changed,565
poor,564
been,564
leaves,563
killing,563
due,563
sun,562
kena,562
ivory,562
financial,562
eye,562
design,562
couldn't,562
beauty,562
australia,562
works,561
do,561
tuesday,560
tickets,560
telling,559
syria,559
players,559
plus,558
sense,557
instagram,557
write,556
personal,556
hati,556
members,555
hungry,555
bukan,555
target,554
fuckin,554
foods,554
sleeping,553
juga,553
taken,552
female,552
dapat,552
cruz,551
ticket,550
mag,550
alright,550
photo:,549
cisco,549
studies,548
former,548
member,547
company,547
climate,547
sila,546
classes,546
breaking,546
snow,545
admit,545
problems,544
mother,544
fav,544
current,544
clinton,544
chelsea,544
akan,544
choose,543
barbra,543
australian,543
rasa,542
babe,542
singer,541
service,541
gun,541
angel,541
gak,540
alive,539
wonderful,538
kalo,538
wild,537
manager,537
hospital,537
points,536
per,536
changes,536
camera,535
abc,535
pizza,534
office,534
dark,534
creative,534
audusd,534
trap,533
soul,533
miami,533
asaram,533
page,532
jan,532
born,532
size,531
their,530
sudah,530
event,530
cuz,530
bag,530
award,530
arrested,530
reasons,528
focus,528
piece,527
msgthewarrior,527
dinner,527
baik,527
paper,526
na,526
allyouneedispagibig,526
today's,525
stress,525
por,525
email,525
had,524
plane,522
men:,522
babies,522
writing,521
scared,520
english,520
died,520
benefits,520
bapu,520
ate,520
throw,519
calling,519
mumbai,518
dreams,518
asking,517
milk,516
yay,515
scene,515
result,515
kasi,515
bomb,515
(cd,515
kayo,514
planning,513
kool,513
felt,513
legend,512
con,512
totally,511
students,511
sampai,511
sent,510
messi,510
kwi,510
gas,510
culture,510
touch,509
teacher,509
worse,508
leaving,508
effect,508
audio,508
udah,507
uber,507
treat,507
streisand,507
hero,507
chicken,507
which,506
anak,506
sir,505
likes,505
ugh,504
thoughts,504
genre:,504
truck,503
shoot,503
hard,503
africa,503
happening,502
evening,502
rare,501
weak,500
coach,500
ty,499
satu,499
quite,499
winning,498
weekendextravaganza,498
usa,498
sister,498
pink,498
truly,497
town,497
tahun,497
shopping,497
mix,497
host,497
pala,496
island,496
force,496
february,496
youtube,495
released,495
ima,495
suka,494
lives,494
kyaa,494
holiday,494
fly,494
train,493
me?,493
weed,492
activity,492
makan,491
infection,491
form,491
brown,490
yea,489
usdchf,489
shirt,489
meant,489
mark,489
gym,489
squad,488
normal,488
blog,488
bikin,487
singing,486
wit,485
quickly,485
ano,485
add,485
mate,484
difference,484
walking,483
french,483
dropped,483
bus,483
board,483
among,483
view,482
along,482
sit,481
tayo,479
reality,479
box,479
into,478
african,478
looked,477
leader,477
ill,477
chief,477
tells,476
james,476
expect,476
trip,475
custom,475
blogcon,475
shower,474
daddy,474
martin,473
campaign,473
rich,472
nation,472
pro,471
murder,471
coffee,471
allyouneediskimxi,471
lahat,470
ft,470
feet,470
store,469
issues,469
block,469
it?,468
extra,468
debate,468
hahahah,467
article,467
pray,466
malam,466
clothes,466
thursday,465
smith,465
samsung,465
launch,465
porn,464
losing,464
gua,464
seconds,463
fresh,463
clean,461
chocolate,461
pure,460
dr,460
search,459
beli,459
basically,459
project,458
monitor,458
jobs,458
disease,458
career,458
blessed,458
vitro,457
tweeting,457
shouldn't,457
ladies,457
complete,457
adele,457
van,456
tea,456
driving,456
crashes,456
seller,454
push,454
mama,454
flight,454
nap,453
stuck,451
tag,450
six,450
russia,450
rules,450
positive,450
paul,450
center,450
asleep,450
ft:game,449
breakfast,449
across,449
yup,448
while,448
fighting,448
third,446
paid,446
max,446
hang,446
analysis,446
alam,446
suck,445
review:,445
relationships,445
feeding,445
faces,445
nope,444
content,444
church,444
anyway,444
tune,443
fear,443
cnn,443
buying,443
auto,443
woke,442
slow,442
lain,442
hilarious,442
create,442
california,442
attacks,442
wall,441
bhe,441
indonesia,440
also,440
airport,440
nih,439
drug,439
driver,439
door,439
spread,438
kamu,438
didnt,438
baju,438
aldub,438
once,437
keeps,437
entrepreneur,437
version,436
shoes,436
nanti,436
dying,436
wag,435
stats:,435
scarffash:,435
needed,435
findgodwithin,435
finish,434
area,434
buka,433
rise,432
nila,432
growing,432
adorable,432
lunch,431
cash,431
actual,431
thinks,430
broken,430
vehicle,429
tricks,429
trash,429
texas,429
longer,429
jane,429
fit,429
solid,428
sitting,428
paling,428
hotseller,428
battle,428
banyak,428
audi,428
soulawakeningmsg,427
earrings,427
score,426
pakistan,426
nyo,426
commercials,426
aint,426
organic,425
lee,425
having,425
ektharajaekthirani,425
crush,425
promise,424
original,424
facts,424
title,423
pop,423
december,423
status,422
pon,422
pagi,422
eh,422
natural,421
favourite,421
choice,421
tree,420
pregnant,420
minister,420
finding,420
dong,420
buzz,420
boring,420
return,419
mini,419
entertainment,419
cream,419
nfl,417
masa,417
higher,417
cats,417
scientists,416
military,416
maine,416
grand,416
advice,416
prices,415
issue,415
digital,415
celebrate,415
british,415
we've,414
disney,414
army,414
march,413
mac,413
beyond,413
tears,412
siapa,412
rate,412
other,412
mufc,412
hella,412
muslim,411
goodnight,411
pet,410
ug:,409
rajasthan,409
prom,409
economy,409
any,409
species,408
dresses,408
tidak,407
hal,407
ccc,407
spring,406
ngayon,406
moments,406
dhan,406
color,406
chords,406
walang,405
sky,405
eurgbp,405
opening,404
kills,404
ive,404
myfriendmyhero,403
hurts,403
dirty,403
brilliant,403
wars,402
christian,402
awkward,402
waste,400
traffic,400
notice,400
father,400
cake,400
sony,399
justin,399
feb,399
masuk,398
hillary,398
dating,398
americans,398
supposed,397
seem,397
present,397
ko,397
general,397
east,397
count,397
rumah,396
reveals,396
incredible,396
completely,396
solo,395
married,394
korea,394
hall,394
twice,393
reach,393
bar,393
officer,392
fell,392
bullshit,392
those,391
taylor,391
sya,391
pernah,391
everywhere,391
direction,391
sayang,390
punya,390
hmm,390
explain,390
effects,390
scary,389
poop,389
classic,389
asks,389
aquarius,388
animal,388
zrabahugayatri,387
role,387
production,387
device,387
challenge,387
audnzd,387
turned,386
shares,386
screen,386
roll,386
moving,386
inhibition,386
fetty,386
dope,386
based,386
tom,385
pakai,385
maaf,385
coaching,385
technology,384
local,384
las,384
finished,384
common,384
audjpy,384
reaction,383
note,383
begins,383
ayo,383
artist,383
valentine's,382
guide,382
credit,382
charge,382
aye,382
what?,381
popular,381
mouth,381
memories,381
gusto,381
were,380
surprise,380
plant,380
japan,380
iya,380
grabe,380
drugs,380
selamat,379
natin,379
heat,379
golden,379
del,379
com,379
acting,379
rose,378
magic,378
handle,378
continue,378
[pic],378
tip,377
tahu,377
rats,377
nalang,377
letter,377
karena,377
fair,377
dekat,377
daw,377
cheese,377
this?,376
sebab,376
often,376
follower,376
we'll,375
trends,375
sales,375
netflix,375
magazine,375
kindle,375
ganda,375
wednesday,374
regular,374
clear,374
:'),374
ted,373
stylish,373
random,373
horse,373
created,373
chfjpy,373
cam,373
vegas,372
thestoryofus,372
proof,372
pada,372
fatty,372
wap,371
tiffany,371
perempuan,371
jealous,371
termurah,370
sanders,370
network,370
drinking,370
within,369
showing,369
kok,369
kahit,369
apparently,368
soil,367
private,367
dies,367
conversation,367
billion,367
animals,367
accept,367
valley,366
turns,366
names,366
medical,366
moon,365
kobe,365
given,365
tiap,364
ten,364
protein,364
halloween,364
drops,364
alden,364
mak,363
lowkey,363
joy,363
josh,363
yun,362
tuition?,362
spent,362
rap,362
mess,362
edition,362
deductible,362
suicide,361
shop,361
liverpool,361
leaders,361
kick,361
guwa,361
anybody,361
:)),361
practice,360
politics,360
famous,360
exclusive,360
demand,360
bernie,360
begin,360
rates,359
pull,359
nasa,359
jgn,359
acids,359
unless,358
nba,358
jack,358
tiket,357
pack,357
mum,357
information,357
entrepreneurship,357
ban,357
bagi,357
salah,356
levels,356
stats,355
sih,355
prime,355
nyc,355
recent,354
lng,354
george,354
dito,354
daughter,354
como,354
signs,353
jungkook,353
hub,352
emotional,352
day:,352
sport,350
fish,349
birth,349
putting,348
nie,348
whenever,347
tough,347
tony,347
oh,347
offer,347
kang,347
website,346
festival,346
earlier,346
women's,345
retirement,345
likely,345
lama,345
hearing,345
ends,345
character,345
sini,344
guruji,344
actress,344
mention,343
govt,343
ung,342
taste,342
scott,342
ring,342
pita,342
heavy,342
formation,342
attitude,342
&gt;&gt;&gt;,342
utk,341
sugar,341
states,341
services:,341
sales:,341
named,341
mouse,341
industry,341
holding,341
valentines,340
thru,340
retweeted,340
japanese,340
effort,340
bigger,340
futsal,339
conference,339
speaking,338
site,338
malaysia,338
land,338
fail,338
daftar,338
cbse,338
betul,338
world's,337
treatment,337
niall,337
web,336
sharing,336
process,336
cari,336
boo,336
beer,336
snap,335
potential,335
heaven,335
author,335
sekarang,334
situation,333
nag,333
junior,333
doubt,333
cara,333
beats,333
avoid,333
such,332
plays,332
moves,332
kenapa,332
goodbye,332
foreclosures,332
fan,332
esok,332
atlanta:,332
afraid,332
usah,331
saint,331
liam,331
learning,331
gemini,331
than,330
sea,330
rice,330
finals,330
dms~,330
currently,330
williams,329
vine,329
theultimategaur,329
posts,329
lying,329
eurchf,329
confused,329
clip,329
so,328
husband,328
generation,328
delete,328
comeback,328
blessing,328
actor,328
stopped,327
roman,327
funds,327
community,327
colonial,327
budgeting,327
are?:,327
accurate,327
voting,326
terrorists,326
porncom,326
oneyearofmsg,326
learned,326
khusus,326
gue,326
fed,326
experimental,326
protect,325
mice,325
lmaoo,325
jaya,325
hug,325
angry,325
whats,324
warm,324
plz,324
planet,324
period,324
management,324
lots,324
lmaooo,324
adalah,324
towards,323
tgk,323
ship,323
decision,323
brazil,323
belum,323
thane/navi,322
satpura,322
princess,322
pachmarhi,322
mata,322
lfc,322
laa,322
ji,322
ig:,322
details,322
asap,322
adult,322
hints:,321
cases,321
table,320
silver,320
shout,320
screaming,320
jakarta,320
helps,320
hahahahahaha,320
cost,320
bukas,320
statement,319
outta,319
cells,319
breaking:,319
promote,318
modern,318
mins,318
companies,318
speaker,317
sepatu,317
racist,317
mahal,317
identification,317
flag,317
excellent,317
rilstest,316
pengusaha,316
justice,316
forest,316
deserves,316
basketball,316
aka,316
powerful,315
gratis,315
dat,315
computer,315
brought,315
teams,314
rangers,314
lately,314
idc,314
hashtag,314
blame,314
awake,314
sakit,313
liyanhong,313
floor,313
fantastic,313
allowed,313
usually,312
upon,312
under,312
timeline,312
texting,312
supreme,312
structure,312
strategy,312
smoking,312
saudi,312
ridiculous,312
lazy,312
khan,312
galaxy,312
dry,312
software,311
senior,311
rude,311
jump,311
idol,311
falls,311
doing,311
certain,311
wah,310
ultimate,310
rts,310
reports,310
oppertunity:,310
lengkap,310
launches,310
knowing,310
figure,310
draw,310
texts,309
seat,309
november,309
la,309
hi,309
brings,309
raw,308
quit,308
neck,308
luv,308
expected,308
drashtidhami,308
cowok,308
breaks,308
according,308
total,307
stunning,307
reaching,307
omfg,307
ok,307
none,307
known,307
held,307
ground,307
feed,307
excuse,307
anthropology,307
shame,306
sam,306
rental,306
iran,306
hotels,306
spirit,305
pair,305
highlights,305
hat,305
contact,305
yep,304
steve,304
non,304
israel,304
ideas,304
afternoon,304
speech,303
parang,303
females,303
changing,303
allyouneedispagibigparade,303
toko,302
tera,302
praise,302
necklace,302
easily,302
dis,302
be,302
una,301
steps,301
safety,301
pra,301
nights,301
humanity,301
hehehe,301
fix,301
dok,301
refuge,300
puppy,300
officially,300
mistake,300
mental,300
led,300
imma,300
hidup,300
epic,300
assistant,300
wireless,299
stream,299
saatnya,299
provide,299
pressure,299
increase,299
balita,299
votemainefpp,298
property,298
prison,298
ngetweet,298
mexico,298
meu,298
lupa,298
kawan,298
congress,298
btw,298
soo,297
somewhere,297
secrets,297
sangat,297
master,297
leadership,297
france,297
cutest,297
buhari,297
brothers,297
accident,297
terrible,296
preview,296
photography,296
october,296
manchester,296
kata,296
baseball,296
supplier,295
station,295
spending,295
motivation,295
meteorite,295
legs,295
gon,295
colour,295
upi,294
successful,294
muslims,294
hub:,294
fave,294
both,294
vivi,293
reviews,293
myself,293
male,293
kya,293
innocent,293
hrg,293
fucken,293
diri,293
wifi,292
syrian,292
struggle,292
merry,292
lies,292
launched,292
keeping,292
bieber,292
agya,292
society,291
print,291
disni,291
airlift,291
tadi,290
storm,290
policy,290
perlengkapan,290
maria,290
leading,290
bb:,290
atau,290
a,290
tim,289
tidur,289
soft,289
session,289
repot,289
pillow,289
lame,289
hes,289
giant,289
doctor,289
dhany,289
chick,289
ceo,289
burgersbabyshop,289
andro:,289
(wa),289
whether,288
tengok,288
someone's,288
program,288
political,288
maxcollection,288
lights,288
johnny,288
interest,288
further,288
fails,288
exo,288
against,288
studio,287
murray,287
federal,287
feat,287
anda,287
report:,286
publishing,286
karachi,286
interested,286
ingat,286
ignore,286
budget,286
akong,286
_,286
yoongi,285
through,285
saat,285
flights,285
despite,285
debut,285
deals,285
cast,285
shots,284
potato,284
ootd,284
madrid,284
large,284
hmmm,284
europe,284
apply,284
seven,283
rule,283
physical,283
mermaid,283
lepas,283
jewelry,283
gifts,283
dijamin,283
click,283
blessings,283
accidentally,283
tweets,282
teaser,282
rin,282
pulak,282
claims,282
cell,282
arrest,282
nigeria,281
joe,281
iba,281
depan,281
youre,280
puts,280
msgsalutes,280
memang,280
homework,280
chicago,280
calm,280
burundi,280
rape,279
honest,279
savage,278
partner,278
mike,278
kong,278
inspiration,278
fool,278
flowers,278
booty,278
arms,278
waking,277
terror,277
older,277
nigerian,277
mall,277
linked,277
jail,277
handsome,277
especially,277
duit,277
crowd,277
competition,277
celebs,277
staff,276
seed,276
sat,276
rat,276
raise,276
muna,276
metal,276
disgusting,276
central,276
ahahaha,276
window,275
talent,275
systems,275
marriage,275
ending,275
(vine,275
kali,274
jordan,274
impact,274
fbi,274
copy,274
bangtan,274
wont,273
rights,273
numbers,273
crisis,273
confirmed,273
bay,273
wood,272
winners,272
users,272
