00k;kb
078_yess;AntiJokeTyrone;sdcmedia
09youngm;raguas4;siddersgeorge
108;jennatar
1140miles;ShayeWilkowske_
143mandz;JustBlaze
1D_news24_7;1DLittleSecret
1dhugsx;1DLittleSecret
209scraziest;alyssalee64
2CC;Lerida_Estate;mrbenjaminlaw
3FE;forkncork
44;c2;rx
468;WNews_Reddit;iA
4everwine;Aliceday09
50atbid;BW
58R;MutePaper
982Ethan;FA
9ja_Boss;TemiAdebiyi
9x;politiquestions
ADBremner;alexmassie
ADPHUK;pbradley1965
ALI_75015;L_Emilie78
AP_Alyson;A_lexandra2
ARTORICAL;BW
ASSonLOSO;montCAPboii1
ASipOf_Mocha;DiBiaseATL
ATLHustlerPride;VPMattJR
AVASradiance;GamesBeat
AWillThaGreat;_NiquaaBoo
A_Merritt23;iza14018812
A_lexandra2;AP_Alyson
Aarmynah;Its_ybello
AboutIt_Tay;kenjeong
AceTorie;Ninnamariexo1
Ace_Levy_;NemRaps
AdmiralDurano;kenjeong
AfRuLeUx;Cleem_cht;pasletime
AlanaReimondo;brookechase36
Ale_carl36;FA
AlecThompson3;arriffee
AlecThompson6;maddiejonesxoxo
Alex_Sizdi;PiLs_TK
AlexaCastillos;Orozco___
Alexaaandria;BW
AlexandraMC4706;Keith_A_20
AlexandraaCasoo;tbhjustlol
AllisonPerales;AntiJokeTyrone
AlphaMan78;FA
AlviaBhisaksana;FA
Alyia_Hilgeman;Lexa_Blainer
AlyssaVillescas;manduhhlauren
AmandaAasa;mattiasljungbrg
AmandaRay123;SydneyPopp
AmandineThl;AnnaRvr
AmberCheesecake;jazzabellediary
AmyThomas47;rhiannoncape
AmyThomas97;Kattastrophe_
AndreaGaytan4;Ashley_598
AndreaPCurtis;tackettdc
AndrewHopkins16;SelinaHite
Andy_Wheatley;JakeReesMogg
AneishaJustine;1DLittleSecret
AngelaDelSol;qz
Angelicawuvsyu;jazlynngarcia;krustykalin
Anna2Sy;AnnaRvr
AnnaR90;jazzabellediary
AnnaX15;FedReady
Anna_63;Lerida_Estate
AnonDitto;AntiJokeTyrone
Anotherpotheadd;bbysproutlet
AnthonyLevin;mrbenjaminlaw
ApexSteele;BW;parkertorres98
ArianneWard;SamTempleman
ArtieFanPage;Gomemenasai
Ascii211;HanFreakinSolo;MadCatz
AshMeLater__;KingBailey413
Ashley_598;AndreaGaytan4
AsroyyAlcantara;FA
AugusTyme;tnewtondunn
Austin_Balos97;hope_stretchXO;yemil2013
AviNarine7;FA
AyeeeFal;Real_Reck;t_sarahhh
AyyCeci;ImAntOrtiz
B00NC00N;SouthernShogun;__Kareemjr
BLCKKNG;Trillfo_life
BR4BBIT_;f0xhoound
BTP_TACO;Khie_Michelle;TyneyDacosta
BV;BW
BW;BV
BWBkathy;qz
B_Ryan7;taylarbaay
BabySorrela;deraj_10
BabyySM;agusstinhl
BallOut__Duke;youngboy_juney
BanggoodFashion;jazzabellediary
BeaSalgado7;varelamendi
BeatPoteto;native_rapper
BeccaRose66;kenjeong
Becky_wilkes2;FA
Beecccaaxoxo;JoShauRamiReZ
Belieber__Rauhl;KIDRAUHL1345
Bene_000;94MarcoVss
Bene_Rbv;TashaaBlk
BertLatamore;markos
BestDarthVaderr;LotusTheory
BestLumpiaNA;ohgeezluis
BiancaOrtiz11;DeShawnThomas11
BiebersAddicts;bxmbiie
BiebersStruggle;bxmbiie
BigNosedBully;ZantalScalie
BillBowring;fredacowell
Bistro_2110;11W
BlakDaDonPrince;MitchTC_34
BlareMusic;boysnoizerec
Blow_Jobs_Galor;alissaa19
Bobby_Gizmo;BW
Boredhound;MadCatz
Boss_Ahh_StOner;PrettyPretty_21
BrendanIsTheGuy;_NG3_
Bretjohnston10;Fortu90
Brick_Icewood;JustBlaze
BrittanyCapriR;ImAntOrtiz
BrunaRegina10;georxie
BrunsypPB;FA
BubiStanciu;VAGorina
BuddyTebza;Gugu_D_
ButItsBiba;khristophe_
Butterfly_Lyns;Loves_Sparkle
CHUBBYGrilaNene;JasonHipster
CLEMS_OCONNORS;AnnaRvr
CPVDAR23;FA;arriel29
CSLStockbroking;BV;BW
CSPshala;Ascii211
CacahueteSonia;94MarcoVss
Callum_Sibley;GamesBeat;kenjeong
CameronYardeJnr;lewispringle;melliebuse
Canaryfan95;FA
CapucineVssr;AnnaRvr
CarleeBerglund;Leathercrocs
CarolBale;MissionAthlete
Carterslife;Glanning75
CassidyParker13;FA
CatheyShelby;asssssslyn
CharlieMayer93;FA
ChaseEiland;jennatar
ChelsLoveridge;TomDingleyPhoto
ChelsTopley;JoeGodden12;Liam_Ridout
ChemBarJournal;humuhumu
ChipsforthePoor;pushpullvintage
Chloe_Vincentt;roberts_jillian
ChocoFlavour;wennyyy_
ChrisRenwick;markrt
Christy_Jaynes;BertShowBert
Chuckkerryken;lomuellzzz3
Chxmpagnepapi_;IGottaFat_Ash
Cjhamilton4;meredithoffman
Claire0h;BW;jf;qz
ClaireF_;1DLittleSecret
ClaireSS;EleanorRudd
ClaytonSprabary;h_sull34
ClearPthCapital;BW;qz
Cleem_cht;AfRuLeUx
ClothingStoresx;kattanita
CollinHarris1;RJBoone14
CollinsCorina;WhoIsTeeDunn
CorrectUnicycle;kenjeong
CourtneyHill_16;EmilyTimchak
Crabb90;BW;WNews_Reddit;markos;qz
Cwaggonner;TC1310
DBulletsFilm;MRodgers4
DIXONBROS;JustBlaze
DJFLEXONEE;MichelinaXOXO
DKingBH;GordDawg
DODStudios;missjrach
DULCE_MELINDRES;LargoJavariega
Dachoklitelviz;kenjeong
Dakidfresh247;JustBlaze
DamnnCute;lovyay
DamoMccluskey;leephelps
DamonTemanson;FaZePryZee
DanMKDons;FA
Dannys_in_Paris;iCHOAT3
DasGomer;makaylagray_
DaveClarke42;UScricketguy
Daveyboymoyes;Nat_Hes
DavidOentoro;BW
DeAndra_14;mattieparks_3
DeShawnThomas11;BiancaOrtiz11;kerrimartinn
DearWhitney29;Marie_isiz;pasletime
DeborahfromDetr;kenjeong
Deepowell_62;KasiaMitchell;wesleyroberts4
Derek__Foreal;Sassy_Kassi92
DerickDanielD;amlalaine
Desbarrancadero;ElKiwiMx
DesireeeMarquez;manduhhlauren
DewGotti;_LuVa
DiBiaseATL;JustBlaze;settle4LES
DillonHeathh;mikegesicki
Dizzil79;connmack30
Dj_Skreem;FA
DonnieAmes;TBOE99
DopeBoy_Vision;ThoughtAstronmr
DoraHuttoG;kenjeong
DrAsisAcharya;DrShobha
DrFronkenstine;ww
DrShobha;BW;amitvkaushik
Drew_Money21;YOUknow_Styx;maria_thtkidd
Drunkbrunettes;FaithfulGf13;PaulyyC8
Drunken_Hatter;GamesBeat
DuaneBratt;markdjarvis
DustySoup68;AntiJokeTyrone
DuttyUrbann;Rarepapi
EC;HanFreakinSolo;kb
ELJAYWIX;JustBlaze;Watts2000
Eddy_with_aY;r_zana
EkaPitDew;IniCewekBanget
EleanorRudd;ClaireSS
EliasD17;leafsbuzztap
EliasWVU;Qtypie018;kendallcoles24
Eliasafy;GeageaMaria
EligoEscapes;VisitEngland
EllaRalli;liam_cockayne
Ella_MacDonald;tbhjustlol
EllyfromOZ;mrbenjaminlaw
Emanwhale;Yesenialuvz
EmilyTimchak;CourtneyHill_16
Emily_Mangles;JakeReesMogg;Wyefarm
EmmaSierra17;1DLittleSecret
Emmyslim47;Sexycordel
EmoniIsMyName;PesosLik;RabbaShanks_
EndlessStackss;JustDOIt7696
EricDegerman;RonShandler
Eric_b1990;kenjeong
FFfarahain;SyarenaRadzi
FHS_Confessi0ns;brooke_dolezal;oliviacothran
FREZfries;kvg_ibe
FaithfulGf13;Drunkbrunettes
FcoHerAgu;chukky_NE
FedReady;AnnaX15;InSydni_WeTrust;WajeehHasan2
Fernandolunaa14;jodhelychavez
Fieldy91Alex;JHunterChron
Flimsii;Skippysigmatic
Floflorynette;AnnaRvr
Forealizzle;JustDOIt7696
Fortu90;Bretjohnston10
FoxPublicHouse;thegraftonnw5
FuMan_Shu;lomuellzzz3
Gab_Reflex;lmaokyleigh
GamesBeat;jennatar
GandyGoddess;LATibbetts
Gcina_S_Majola;FA
Geanine1965;markos
Gee_Off401;Ninnamariexo1
GeorgeCarscadde;blake023stanton
GeronimoTrill;settle4LES
Glanning75;11W;Carterslife
Glo_boyyy;QueenJazminnn
Gomemenasai;ArtieFanPage
GoodGuideBris;mrbenjaminlaw
Gooner30Chris;FA
GordDawg;DKingBH
GrandSecurityGr;BW;NovaPeris;the_chronicle_
Grant_cocktails;blackwellrum
Greens_in_Reg;GT_GOLF
GregTumbarello;BW
GrnRiverAmb;MilkyWayJP
GrownS1mba;iiBreathe_Musik
Gugu_D_;BuddyTebza
GwenSiblot;AnnaRvr
HMorales95;BW
HafsaBilwani;1DLittleSecret;Ayeeeshu
HaganNoeleen;qz
Haileyamanduhhh;cadetcee
HanFreakinSolo;Ascii211;GamesBeat;jennatar
Hannaah_Roberts;Leathercrocs
HaywardLeland;VanArtGallery
HenriksenErik;theoneringnet
Heymebe_Hayley;msglap
HoODzFinEsT;brunaaaa_x3
HollybushG;RowingProjects
Honey_Shade;gwiboon
Hustle_Bunnee;settle4LES
IAMHIPHOP716;JustBlaze
IAintShxt_Yet;Joi_2theworld
IAmJacksonK;j_muenzer_21
IAmMulo;JustBlaze
IGottaFat_Ash;Chxmpagnepapi_;_NOXL;kenjeong
ImAntOrtiz;joselinewest
ImClareHarrison;jazzabellediary
InSydni_WeTrust;FedReady
Indriaverillya;1DLittleSecret
InkBonesBooks;OtakuCommunity
Ionisingsw;Ascii211;YellowAfterlife
Is_That_Gage;welOVEJassy
Isabella_Vy;ZaySmoove_
Italianstud0069;badger_lands
ItsMeeSkyee;_YeahImShort
ItsUlfiani;elle99justinB
Its_ybello;Aarmynah
IvanAllanPoe;MorganAshleey
JHunterChron;FA
JMedicine1;nmpanek
JVOXO88;kenjeong
JVerreckt;lealefeuuvre
J_Jones217;don_fishh
JacamusTaddamus;bennett2big4you
JackRudland;amyfranciss
JacobStopay;jakebloszinsky
JakeReesMogg;tnewtondunn
JaneLinleyT;kattanita
JasonHipster;EmmaaBroownn
JayNicole_xoxo;Liziswhatitis;Tay_TooCool
JayTee2G;just_misi
Jazmynee__;_kaylakeyz
JeSuisFolleDEux;pasletime
Jewcobbeak;FA
JoShauRamiReZ;Beecccaaxoxo
Jo_Milligan;tnewtondunn
JoanaGabizinha;mahduds
JoeDrury;markos;qz
JoeGodden12;ChelsTopley;_dani_ross
Joey_Brack;j_wils96
JohnLones;emma_cunneen
Joi_2theworld;IAintShxt_Yet
JosAndrsSalazar;FA
JoshuaGuthrie;FA;JHunterChron;UScricketguy
JoshuaLouder;FordhamCompany
JuleeQuintana;wazzalachels
JulesDerekWills;RegalOutlaw
JuliaTuzzolino;AntiJokeTyrone
Junior_moya24;SlikRicktheRula
JustBabyDee;MarinaLongoria1
JustDOIt7696;EndlessStackss;Forealizzle
Justin_Onorato;maddiesloneh
KUF_Love;JustBlaze
KWEEN_Ci;Xoxomunchkin_
K_Eppp;11W
KasiaMitchell;Deepowell_62;_BitchYouSEEMe;wesleyroberts4
KatelynFaggerty;_jadamichelle
KateyCollins;aardvarksafaris
KatieCastanon;Swxnky
KaylaJacqueline;TorieAloi
KayleeeighRhian;theoneringnet
Keepcalmtwitt;BW
Keith_A_20;AlexandraMC4706;rangersaregood;stephanieskene
KelMichaelle;SeanUnderwood00
KellenTheModel;_lovelycinx3
Kendra14Leigh;VernRiffeCenter
Kenny6FHS;Twice_5
KentFontenot;ambrrlee_arr
KevinFbaby23;JustBlaze
Khie_Michelle;BTP_TACO
KikeNavas94;AntiJokeTyrone
KingBailey413;AshMeLater__
King_Scxtt;_Telebah
Kit_Kat817;Leathercrocs
KofiOVO;ajturch35
Kololiaaionee;acuuura;wesleyroberts4
Korinna10;kayteecandela
KorriCurtis;kattanita
Krazy_kaybrooks;aaronwade4
Kristenpanz;jcatprettycat
Krittinbug;ellagantx
LANAUespacio;TeatroCalderonM
LATibbetts;GandyGoddess
LILD916;settle4LES
LLCooJO;IndieJoi
LOVATOPDOWN;being_bearable
LRNeuby;Shannon_Penn
LVL47Games;kenjeong
LadyHOOPS__x10;_pure_beauty101
Lala_jonnae;336_my_city
Lance_C32;tmexthetrex
Laudalina2;leafsbuzztap
LauraSymonxo;tbhjustlol
LaurenFazioo_;ally_whitaker
Lauren__boyett;gracexharrison
LaurissaJesen1;tvs7340
LeafsFanMike17;BrentButt
Leathercrocs;dannyalva_
LeeAllenHoward;horrorwriter74
LeidyChris_;SHAH_MILLZ
Leka_J;Tay_TooCool
Leke47;bstroh_55
Lerida_Estate;Sam_Grains
LeviMusicClodgo;VPMattJR
Lexa_Blainer;Alyia_Hilgeman
Lexi_RunninShit;_FlexGod
LeykaAdnieww;_nishashahira
Liam_Ridout;ChelsTopley;FA
LifeTeambreezy;BrittanyCapriR
LilleyMisuraco;tbhjustlol
LindseeyNicole;youngzebra
Lissandramg;BW
LittleDiaazz_;JamesAn38439958
LittleGreyGleek;lipsofcabello
Liv2lovalways;DWTStars
LiveLifeLydz;uwantnee
Liverbabe78;VisitEngland
Livooor;gill_lord
LizIsBeyonce;AndrewHopkins15;SweetTeaLxrry
Lizette_denise;_sophiarominaaa
LongLiveJag;ThoughtsByDRE
LosHernandezNBA;DanFeldmanNBA
LotusTheory;BestDarthVaderr
LovasMJ;MSP_Traffic
LovelyAssAmber;ReezyDoe
Lunkechu;SarahxLenae
MADDIIIEE;viccsuchecki
MANUEL115;AnaRent
MHerdinius;mattiasljungbrg;philippaxelina
MKskates420;SirSuperStoner
MLhernout;94MarcoVss
MRodgers4;DBulletsFilm
M_Ihsan10;FA
MaanonRx;pasletime
MacGarnagle;almartin28
MaccaFn;beatboxhobbit
Macdavd;BW
Macleodlvc;JV
Maddawg_Davis;jaycers_101
Maddlynn13;lee_109
MadiMeowth;civonulaB_oiraD
MadisonUli;kenzie_lessard
MaggiieShafer;jcollins1121
MainDiscussion_;_Fabjr
MallorySchapker;juicyjmeyer;kayyyythomas
Mani_Baaabyyy;JustBlaze;MixxedBreeed_
ManuSolivella7;LucasGraells
ManuValverdeA;SabriMartinez15
Mariaundos3;adrii_fcb
Marie_isiz;DearWhitney29;HugoLezier
MarinaLongoria1;JustBabyDee
Marissa_Reynoso;tbhjustlol
MarkoPaovica;_NMay
MathieuLoutre;descubes;iA
MaySurridge;MeTheBocus
McCrow76;SuperErizzle
MeiPlae;_SweetestEscape
MemoirsOfAKing_;TuesdayBleu
MerabGro;ValeriaDays
MericanMuscle12;breanne155
Michaelp11hm;alexmassie;kenjeong
MichelinaXOXO;DJFLEXONEE
MikeFrappuccino;kweenkuntaa
MikeyStacks7;loveee_emii
MilicaNenezic;AntiJokeTyrone
MinajxBella_;deminvj
Minnie_MouseeXO;_llamiii
MissJennifer;VisitEngland
MistuhKrabs;_bworkk
MixxedBreeed_;Mani_Baaabyyy
MoBeMuggin;AntiJokeTyrone
MokingBirdSong;DrShobha
MolnarRachel;WAR_Race
Mowgli_Liii;SenyaLisette
MrOizoLA;boysnoizerec
MrWhoseUrDaddy;prettyPAIDash
MsTj_Siqila;ubsta_
MuseofIre;Shakestweetz
MutePaper;58R
MyLifeIsTom;baileymcfc
Mylife_Ziall;1DLittleSecret
N_S_Icon;FA
NamelessKith;1DLittleSecret
Nannaklausen;NenaGotSwagg
Nat_Hes;Daveyboymoyes
NatashaLoves1D_;kenjeong
NebulaKnows;bradleyfranks
NemRaps;Ace_Levy_;YaBoiAction
NenaGotSwagg;itsSamCollins
Nenneeee_;youngboy_juney
NiNjaSpanish;kenjeong
Nicole_Stapler;nicole21290
Ninnamariexo1;AceTorie;Gee_Off401
Noelsmiles04;ltsTrueWisdom
NurNajmie_;iNoorFarhana
OGWATSON;BW
OMD_Its1D;_foreverlarry_
OasisProps;JammiieeD
Officiaaljaz_;thisissharrieff
Official_LGoins;__ImThtNigga
OhNoAmmo;FaZePryZee
OlgaJOV;BW
OlgaOG_;RogerThat_92
OmfgitsEdith;vickyd_817
PaddyChorlton;stringersbeer
Paigelp13;underwoodkatic
PalominoPony;ZantalScalie
PatsyMacGrealli;5thswag
PaulDaviesKew;LDNBeerWeek
PaulOutBox;Shiftinthinking;markos
Paul_Castain;daviddseguraa
PaulsANDrewind_;breahislifee
Paulyne_;AnnaRvr
Paulysue;kasiax__;kierrawr_
PaulyyT_;Aubrayyy93
PeaceSchmidt;Gleekious
PeekaBooPooh;iScream_TMac
PelaezThePimp;_vicksterz;guwopgaby;settle4LES
Penguin_celi;1DLittleSecret
Peru_Collins;mavunochurchorg
PesosLik;EmoniIsMyName
Pete_Chilcutt;Shakabrodie
PhilUpOnU;prettyPAIDash
PiLs_TK;Alex_Sizdi;JustBlaze
PinkNails_NMore;_DolllFace_
PlayJarizm;JustBlaze
PrettyPretty_21;Boss_Ahh_StOner
PurpleRane0511;1DLittleSecret
Qtypie018;EliasWVU
QuarlesAlex;londongpowell
QueenJazminnn;EMTwomes;Glo_boyyy
Quilla10;leicestercity01
RMNewsFlash;mhmmdfkr_4
RabbaShanks_;EmoniIsMyName;IndieJoi
RaeNellLaG;kenjeong
RainRich;qz
RajaKalsi;satiricdistress
RaquelAveeeiro;94MarcoVss;marnbt
Rarepapi;DuttyUrbann;Unkommonmixture
Rautela;LGIndiaTweets;satyamevjayate
Raw_Toastt;FaZePryZee;kenjeong
Rayyan_tukur;_Marybeee
RealEceStyles_2;RealEceStyles_3
RealEceStyles_3;RealEceStyles_2
Real_Reck;AyeeeFal
RealzDoe;FaZePryZee
ReddHott_;brandino_lalo
ReezyDoe;LovelyAssAmber;youngMikePhelps
ReezyKid;JustBlaze
RhysDMiles;FA
RichCookOnWine;bruceschoenfeld;lutzvillewines
Richiebrown_85;amandaemma12
RideOutTheWave;3FE;cathypower
RioBallout;KalishaSandre
Riskypvt_miller;FaZePryZee
RochaGrier;rx
RockettStGeorge;SHRBTCH
RogerThat_92;OlgaOG_
RomanoucheDede;AnnaRvr
Rosstominey;EmmaaBroownn;UScricketguy
RowingProjects;HollybushG
RoxanneShirazi;mfgaede
RufusNolan;AntiJokeTyrone
Ryan2Changz;eastersss
RyanThompson311;datdykson
SHAH_MILLZ;LeidyChris_
SMITHEN_overU;_iStrokeuMoan_
SMbb34;BasedGodVeeze
Saadiq_Shabazz;kierrawr_
SabriMartinez15;ManuValverdeA
SamPrentice95;FA
SamTempleman;ArianneWard
Sarahbrennt;3FE
SarahxLenae;Lunkechu
Sassy_Kassi92;Derek__Foreal
Scrupulous7;BurgerrB;deLusticious
SeanUnderwood00;KelMichaelle
SelinaHite;AndrewHopkins16
SenyaLisette;Mowgli_Liii
Sexycordel;Emmyslim47
ShaSellars;a_fry7
ShaeMallory;jacobjohntow;lobakerrr
Shaniqua_Renae_;stephencbishop
Shaunstah;mat711
She_SuckaFREE;JennyBoomBoom85
Shiftinthinking;PaulOutBox;fuckinwank3r
Si;iA;wr
SirGreybush;drunkjaysfans
SirSuperStoner;MKskates420
Skippysigmatic;Flimsii
SkunkWrestler;theoneringnet
SlikRicktheRula;Junior_moya24
SlyleRaab;JoeyRLibby
Smoove_Religion;2TONEZZZZZ;_beatrizrivera;nameskellina
SoFLiTay;Leka_J
Soffia0620;smyd_26
Solomon419_;TKentopp
SophiaMonique_;kendallali
SouthernShogun;B00NC00N
SpannyPunany;FA
StDxToddler;kenjeong
St_Evo_;kenjeong
Starburch;BW
StephanieRgrs;94MarcoVss
StephanieT313;BW
SteveC0067;AntiJokeTyrone
StreaksSterling;baetrip
SumMannShit;_vanessamarissa
SuperSinger1231;TheDanielMeyers
Supsaam;cokegold
SurlyGriffith;kenjeong
Susanmaed;akamikki08
SwapnilDutkar;deLusticious
SweetTeaLxrry;LizIsBeyonce
Swxnky;Back2Sellnhoes_;WF
TBOE99;DonnieAmes
TBOSSM;stephencbishop
THEREALDJSAVAGE;JustBlaze
TKentopp;Solomon419_
TaniaVidovic;2CC
TashaaBlk;Bene_Rbv
Tashaa_17;yupitstifftiff
TaurusBone;markos
Tay_TooCool;JayNicole_xoxo;Leka_J
Taylor_West25;j_wag10
Teafletcher;almightyshvkur
TeeDotsworld_;Love_MissKay
TemiAdebiyi;9ja_Boss
Texas_Stew;kenjeong
That_Weird_Kid9;morgan_finger
TheJoshlax;AntiJokeTyrone
ThePale_Moon;Laurenngracie
TheSonOfJungle;EmilyCarbery;KyliSimonelli
TheSportsCast;leafsbuzztap
TheStellaJavien;kenjeong
ThoughtAstronmr;DopeBoy_Vision
ThoughtsByDRE;LongLiveJag
ThruEmmasEyes;VisitEngland
TieDyeJoe;hawaiiianlion
TiffyCourtney;itsSamCollins
TikeGooden;bthurm85
TommyBandlow;Von_VonRichter
Tonjesnapa;AntiJokeTyrone
TootsiePopIzBk;Super_flysam
TorieAloi;KaylaJacqueline
TracksideTrav;RacenetTweets
Trip_Maverick;kenjeong
TrueBeautyXO_;deztbh
TuesdayBleu;MemoirsOfAKing_
Tumaiencuatro;__whorege
TutRaygoza;Dakidfresh247
TweetThis_DICK;Endless_Kicks_
Twice_5;Kenny6FHS
TylerGoodybag;DillonHeathh;mikegesicki
TylerHumbel;ianfarmerdoe
TylerLumberjack;mooney_steve99
TyneyDacosta;BTP_TACO
UNHCowbell;kenjeong
Ugly_Feelingss;__girlybrunette
Unkommonmixture;Rarepapi
UnpopularGamerr;FaZePryZee
UpshawCrystal;_NMay
UrbaneDoc4Kids;staceyNYCDC
VAGorina;BubiStanciu
VernRiffeCenter;Kendra14Leigh
VianneyAksil;pasletime
VictorCatteau;EchosPolitique
VielCstro;Marcobununu
ViirusOh;FaZePryZee;MadCatz
VineetSonkar;LGIndiaTweets
VisitEngland;FA;MissJennifer
Von_VonRichter;TommyBandlow
W80Stephens;kenjeong
WAR_Race;MolnarRachel
WSmithhh;andimawsonn
WajeehHasan2;FedReady
Watts2000;JustBlaze
WeStreamMusic;kadeyjames
WebbleAlliance;kenjeong
WelshAlienLDN;Nick_Pettigrew
WillTruthout;BW;FA
WillWheaton1;JustBlaze
William_Stits;brefickle
Winegarden_A;BeerInsights;MSP_Traffic;kenjeong
Wooomane;pasletime
WorkTiffany;aye_its_paige04
WritingLisaL;misskubelik
Xo_Yanaaaa;_NOBODYGreater
Xoxomunchkin_;KWEEN_Ci
Xx_2ClassyJaye_;rwood035
YOLO_BTC;welOVEJassy
YOUNGPIFFIII;JustBlaze;settle4LES
YOUknow_Styx;Drew_Money21
YVNGBRONZE;Baileeyylynnn
YaBoiAction;NemRaps
YeahhImAFangirl;1DLittleSecret;bathbombfranta;mellarkskisses
YellowAfterlife;Ionisingsw
Yep_Im_Dope;ASipOf_Mocha;Tay_TheQueen
Yesenialuvz;Emanwhale
YoGirlSadesss;ch_ells
YoooJvmes;herolynikcube4
Young_Cassa21;kasiax__
Youthguy07;wdwnotjustkids
ZacharyrrebweN;ashapohlel
Zahrah_Patel;FA
Zane_Kugamore;eastersss
ZantalScalie;BigNosedBully;PalominoPony
ZaySmoove_;Isabella_Vy;__oxoxoxo
_BitchYouSEEMe;KasiaMitchell
_Cheyyyenne6;kaylacook_
_DolllFace_;PinkNails_NMore
_Fabjr;MainDiscussion_
_FlexGod;Lexi_RunninShit
_Jocelynee13;wstdyth420
_LeslieMendez;andy_rojo98
_LuVa;DewGotti
_Made;kadeyjames
_Maria_xoxo;khollinger__
_Marseille;boysnoizerec
_Mo0g;SteveAmiri
_NDN_;lowercasekev
_NE28;paulmcdermottt
_NG3_;BrendanIsTheGuy;officialjoseiii
_NOXL;__CurlyBoy
_Nathaaliaa_;_niccoleEsteves
_Natykirsch;fofi2611
_NiquaaBoo;AWillThaGreat
_ODJ_;montyxxo
_RuizNancy;alllycake
_Telebah;King_Scxtt
_TropicKidBebo;KeepinUpWitMems;iflyfearless
_YeahImShort;ItsMeeSkyee;yootonna
__CurlyBoy;IndieJoi;_NOXL
__Goldie_Locks;NewJET_Order
__ImThtNigga;Official_LGoins
__Kareemjr;B00NC00N
__XIXVIII;_OOMF
__girlybrunette;Ugly_Feelingss
__lovemi__;lxgxndary
__tiaNOtamera;priincessslay
__whorege;Tumaiencuatro
_amdsoftball;tbhjustlol
_baddiesupreme;1k_Santana
_brianakelley;maria_thtkidd
_bworkk;MistuhKrabs
_cassidyj;hannahcarrillo_
_dani_ross;JoeGodden12
_djuannaaa;_kodimarie;laurenlaiyen;mahdyy_
_ezSteezy;thisissharrieff
_foreverlarry_;OMD_Its1D
_highlyfavored1;MorganAshleiY
_iStrokeuMoan_;SMITHEN_overU
_iprettynay;youngboy_juney
_jadamichelle;KatelynFaggerty
_janannipuva;FA
_kaylakeyz;Jazmynee__
_kodimarie;_djuannaaa
_lbeeen;blg_margaux
_llamiii;Minnie_MouseeXO
_meganf_;ohhlels
_meganjh;JustBlaze
_niccoleEsteves;_Nathaaliaa_
_plxtinuuum;rinnesy
_pure_beauty101;LadyHOOPS__x10
_smoooochess;LongLiveJag;cokegold
_sophiarominaaa;Lizette_denise
_vanessamarissa;SumMannShit
_vicksterz;PelaezThePimp
_wadem;jthor099
a2;ws
aSouthIndian;BW;LGIndiaTweets;satyamevjayate
a_fry7;ShaSellars
aardvarksafaris;KateyCollins
aaron643;kenjeong
aaronoafc;shawncphillips
aaronwade4;Krazy_kaybrooks;lonnaannmarie;songsmakesense
acuuura;Kololiaaionee
adreechardae;ImAntOrtiz
adrianf0800;FA
adrii_fcb;Mariaundos3
afox1793;kenjeong
agnesofiowa;Rincon38Mpls
ajturch35;KofiOVO
akaasartule;FA
alannacoton;AntiJokeTyrone
alberto_sfcfans;speakersfc
aleefa_fab;1DLittleSecret
aleema_baigh;basedemily
alejandrocoviel;mariaib52931594
alexjacobyx;1DLittleSecret
alexsiregar;boysnoizerec
alextsovikian;stephencbishop
alexvsnider;AndreaPCurtis;drunkjaysfans
alissaa19;Blow_Jobs_Galor
aliyalewis;CodyCarroll15
alllycake;_RuizNancy
alltimeadtr;yakelinee_xo
alltimeblxw;VPMattJR
ally_whitaker;LaurenFazioo_
allysondelagza;diegosalazar_21
almightyshvkur;Teafletcher
alyssa_parker10;AntiJokeTyrone
alyssaleong;sullaem
amandaemma12;Richiebrown_85
ambrrlee_arr;KentFontenot
amg19842000;FA
amitvkaushik;DrShobha
amlalaine;DerickDanielD
amyfranciss;JackRudland
andimawsonn;WSmithhh
andy_rojo98;_LeslieMendez
anmasijo;iPhelBlues
anouckjtn;AnnaRvr
anthonny__g;chandllor_
anthony_terrell;MadCatz
anthonytylerno1;FA
apodrxw;AnnaRvr;pasletime
aq;wolfhard
arfia__;sadkittymi
arriel29;CPVDAR23;millionAire_too
arriffee;AlecThompson3
arsenalvision;r_zana
ashapohlel;ZacharyrrebweN
ashleighannan;harrisonmae97
ashlynericksonn;jordanbroown
ashtonmorris1;JustBlaze
asssssslyn;CatheyShelby
austinmohr00;AntiJokeTyrone
austintucker47;breanne155;matttiiiii
avbodeguers;Llancaturisme
aye_its_paige04;WorkTiffany
b1gbones;Philwalkercomic;UScricketguy
bEzEh44;AntiJokeTyrone
baclofenews;DrinkTankAu
badger_lands;Italianstud0069
baileymcfc;FA;UScricketguy
baileyneth;AntiJokeTyrone
basyerbasil;BW
bayleeeejahn;meghanhill_
bbysproutlet;Anotherpotheadd
bear_foot;phototropy
becerzzz;taylorhopkiins
beer_chris;ChefJamieLauren
begg_368k;_wa_ya
ben_geradts;kenjeong
benjthompson;FA
bennett2big4you;JacamusTaddamus
beth_sellars;Loves_Sparkle
bethankellyy;im_sophieeee
bfchope;FA
bieleberfan105;_taylorrbrookee
bigeasydrinks;blackwellrum
bigkwanzaavest;kenjeong
billie_mack;qz
birds_NESSt;shaunaxdeee
biswadeep07;DrShobha;deLusticious;ssttuuttii
blackwellrum;RobbieGorgeous
blaireyes;jennagsb
blake023stanton;GeorgeCarscadde
blg_margaux;_lbeeen
blxcklace;barbiefakcr
bobaloo0;SillySillyGirl2
boomitsjessi;AntiJokeTyrone
bootlegger1974;tnewtondunn
boringtrucker;__lucyosborne;paulrharvey3
born_dovah;NemRaps
bosiechampagne;bruceschoenfeld
boysnoizerec;JustBlaze
braad_joness;FA
bradderz2212;FA
bradleyfranks;NebulaKnows
brandibuzzard;CKadventure247;Sam_Grains
brandino_lalo;ReddHott_
breahislifee;PaulsANDrewind_
breanne155;MericanMuscle12
breeeeeeeL;qz
brefickle;William_Stits
brennafolkers;MacRed96
briannamarselle;11W
britbrought;tbhjustlol
brodybushnell14;KenzButler14
brookechase36;AlanaReimondo
brookewaibel;tbhjustlol
brookins13;lexisheridan97
bropanski;Hairessy
brunaaaa_x3;HoODzFinEsT
bryvnna;ImAntOrtiz
bstroh_55;Leke47
bthurm85;TikeGooden
btwlayy;FaZePryZee
buckeye2006;MannyActa14
buddykartik;FA
bunnyoasis83;looarcher
bxmbiie;littlethottie
c2;44
caaitlinmccann;todd_diesel95
cadetcee;Haileyamanduhhh
caitymedrek;BrentButt
calebinpdx;TheSpicyBee
callist0;HanFreakinSolo
calulmann;JustBlaze
cathyca_;BV
cathypower;RideOutTheWave
catjungle;markos
cellodiva24;BertShowBert
ch_ells;YoGirlSadesss
ch_endo;FA
chandllor_;anthonny__g
chelseaamainx;duff_rachael
cheryl7003;ao
chey_shy6;FemaleSccrProbs
chilll1d;1DLittleSecret
chris_erdman;kenjeong
chris_wanless;yourroyalfresh
chrisbrownmob1;BW;JustBlaze;Tiffanynikolexx;stephencbishop
cincodeymayo8;chichifriday
civonulaB_oiraD;MadiMeowth
cj_cunningham22;FA
clantz8895;managingmadrid
clarapilier;kenjeong
classicmaterial;JustBlaze
codymoore_24;_FlexGod
cokegold;Supsaam;_smoooochess
coltonhorn9;AntiJokeTyrone
connmack30;Dizzil79
csuwildcat;fwenzel
d6;hawksley;ra
da_macc;JustBlaze
daliamillan;kenjeong
danicyarr;iMaad_Scientist
dannyalva_;Leathercrocs
danwindlol;JustBlaze
datdykson;RyanThompson311
daviddseguraa;Paul_Castain
davidmcdaniel21;j_wizzle20
debbiehabib_;marky_mark34
deminvj;MinajxBella_
descubes;BW;MathieuLoutre
devlinxrose;dregsofpluto
deztbh;TrueBeautyXO_
diegosalazar_21;allysondelagza
diferentbutsame;1DLittleSecret
djressiecups;kenjeong
djspencediamond;JustBlaze
dkigweta;mavunochurchorg
domingotrejo1;AnaRent
don_fishh;J_Jones217
doraned66;FA
dorproductions7;442
dortiz2371;Swxnky
dregsofpluto;devlinxrose
dremmayoung;_NMay
dubbsie17;FA
duff_rachael;chelseaamainx
duine71;primrosesandrue
dumtree18;AntiJokeTyrone
dwellenstein;SMaryG
eastersss;Ryan2Changz;Zane_Kugamore
eatdrink_sleep;LDNBeerWeek
edentheboss;FA
edquish;Heritage_Radio
edvla09;theScenesBand
ellagantx;Krittinbug;t_sarahhh
elle99justinB;ItsUlfiani
ellie_keller21;tbhjustlol
elooise_and;AnnaRvr
emflint_;sulliebby
emilywindle_;EmilyCarbery
emma_cunneen;JohnLones
emmapeters33;AntiJokeTyrone
ericastokes;FA
esepini;luis_law
eses150;BW
f0xhoound;BR4BBIT_;JustBlaze
farhanah_zlkfl;1DLittleSecret
farrochie;ADBremner
fashionbyrd;SXMUrbanView
fofi2611;_Natykirsch
forkncork;3FE
fow_nick;AntiJokeTyrone
fplyasunova1;dygin1
fredacowell;BillBowring;Ollie_Middleton;alexmassie
freebaggins;theoneringnet
fuckinwank3r;Shiftinthinking
fwenzel;csuwildcat
gailweir;BW;VisitEngland
georxie;BrunaRegina10
ghosh_manish;BW
gill_lord;Livooor
gummmypig;lyykalingat
guwopgaby;PelaezThePimp
gwiboon;Honey_Shade
hailefost;AntiJokeTyrone
haley60597;Bretjohnston10
halfdeeve;BrentButt
hannah_koller;stephencbishop
hannahcarrillo_;_cassidyj
hannahclong;FA
harrislewis99;FA
harrisonmae97;ashleighannan
hawaiiianlion;TieDyeJoe
hawkk01;sullygo
hawksley;d6
hazelsanut;ChefJamieLauren
heartless_fay;HeyyDiva
heartpaynesx;Canada_5SOS
herolynikcube4;YoooJvmes
hh;iA;szoges
hitendudhatra;FA
hoosierdaddytdh;qz
hope_stretchXO;Austin_Balos97
horrorwriter74;LeeAllenHoward
hotjamalle;ohhkass
httpspetrova;LOVATOPDOWN
huff_caroline;matttiiiii
hyphyabby;krustykalin
iA;wr
iCHOAT3;Dannys_in_Paris
iMaad_Scientist;danicyarr
iNoorFarhana;NurNajmie_
iPhelBlues;anmasijo
iScream_TMac;PeekaBooPooh
iSelphish;iamkeeferz
iToonsz;theninesixx
iamSamdaves1ne;arsenalvision
iamjomos;AntiJokeTyrone;JustBlaze
iamkeeferz;iSelphish
ianfarmerdoe;TylerHumbel
iiAM_KYRiNA;tedburns28
iiBreathe_Musik;GrownS1mba
iluvjb_7;bxmbiie
im_sophieeee;bethankellyy
imaskid;Shakestweetz
indyaxo;mpahoulis11
indydee;ErythreanSea;LaissezFaireBks;markos
itsSamCollins;TiffyCourtney
itsandreahh;qz
itsforhome;CleantechOpenNE
itsjasminehey;meabh_mcnulty
itsmeLyAn27;TawaKaNaman;trixiesexyy
ivettex0;young_trelle_
ivettey_;smyd_26
ivetukis;theoneringnet
iza14018812;A_Merritt23
j_muenzer_21;IAmJacksonK
j_wag10;Taylor_West25
j_wils96;Joey_Brack;teegssmith
jaaadeheath;leescfc1984
jackweller9;alexmassie;markos;tackettdc
jacobjohntow;ShaeMallory;lobakerrr
jacp1515;BFbookies
jadaawaydaa__;dnelms_
jakebloszinsky;JacobStopay
jant009;leighhannlazzz
jasonmo73570078;baileymcfc
jaycers_101;Maddawg_Davis
jazlynngarcia;Angelicawuvsyu
jazzabellediary;AmberCheesecake;AnnaR90
jcatprettycat;Kristenpanz
jdorosario;BW
jenna927;bruceschoenfeld
jenna_r_;noelleloyello
jennagsb;blaireyes
jennajmv;AntiJokeTyrone
jennam15;marandajoycee
jennammm;BW
jennatar;108;HanFreakinSolo
jeremyjr777;BW;FA
jerome33_;kenjeong
jerome559;ericakland
jerrybr54028613;11W
jessica_13213;Chloe_Vincentt
jf;Claire0h
jhonatanisaac1;NeylaPerez3
jilliandiaries;qc
jkmcnamara;FA
jo;aq
jodhelychavez;Fernandolunaa14
johnnychronix;kenjeong
jonasz_k_;ChelsTopley
jordanwillcox;FA
joselinewest;ImAntOrtiz
joshbellas;FA
joshua_yoerger;markos
joshueezy;WF
joybowman1;FA
jp_sano;mariapapadakis
jthor099;_wadem
juniorperezmon;AnaRent
just_misi;JayTee2G
justwaza;FA
jyevans2;kenjeong
kAsSiCyRuS;ashleywelty
kadeyjames;_Made
kaitlindob;AntiJokeTyrone
kaplunm;BW
kasiax__;Paulysue;Young_Cassa21
katealejo01;katycantuflores
katiebenoit97;tbhjustlol
katycantuflores;katealejo01
katysmart_00;ImAntOrtiz
kayteecandela;Korinna10
kb;rx
kdwhite81;UScricketguy
kecarter_;HelloFrancisco_;JustBlaze
keelydawn_;sgrovesss
kelsterwhytey;FA
kendallali;SophiaMonique_
kendallcoles24;EliasWVU
kendallsan;BrentButt
kenzie_lessard;MadisonUli
kerrimartinn;DeShawnThomas11
kevenBasehooper;xChee_
keytyaqueline;loveniall1996
kh;ChefJamieLauren
khadesia_;Michaelp1122
khristophe_;ButItsBiba
kierrawr_;Paulysue
kimfucius_say;1DLittleSecret
king_pipestem;ohtsenashe
kitenge;BW;JustBlaze;iA;rx;ws
knxcklepxckk;ianfarmerdoe
kraftpreston;DakotaDecoy
krislard;ragonmiller
kristineee26;TawaKaNaman
kweenkuntaa;MikeFrappuccino
laurencrago13;YoungStunner97
laurenjasso;tbhjustlol
laurenlaiyen;Jazmyneee_;_djuannaaa
lausheehan;lewishunt94
lealefeuuvre;JVerreckt
leephelps;FA
leescfc1984;FA;jaaadeheath
leicestercity01;FA;Quilla10
lewishunt94;lausheehan
lewispringle;CameronYardeJnr
lexisheridan97;brookins13
lexnowling;kenjeong
lexx612;tbhjustlol
lg;wr
liam_cockayne;EllaRalli
lilmiguel815;kenjeong
lindsay_lee;theskipperdees
lipsofcabello;LittleGreyGleek
littlethottie;bxmbiie
lmaokyleigh;Gab_Reflex
lobakerrr;jacobjohntow
loftymatambo;BW
lomuellzzz3;FuMan_Shu
lonnaannmarie;aaronwade4
louannthorel;pasletime
loveniall1996;camilllleanne;keytyaqueline
lovingpitts;LOVATOPDOWN
lovyay;DamnnCute
lowec5;FA
lowercasejae;Shakestweetz
loxbea;itsSamCollins
loxivn;Swxnky
luis_law;esepini
luis_rh1;qz
lukecfc1999;FA
lulabula99;familymoms
lutzvillewines;RichCookOnWine
lxgxndary;__lovemi__
lyykalingat;qc
maddiejonesxoxo;AlecThompson6
maddisont19;johnkelly_music
madyearl;AntiJokeTyrone
mahduds;JoanaGabizinha
mahdyy_;_djuannaaa
maivelous;paramofe
manduhhlauren;AlyssaVillescas;DesireeeMarquez
marandajoycee;jennam15
marfa5;BW
marg_x;AnnaRvr;pasletime
maria_thtkidd;Drew_Money21;_brianakelley
mariapapadakis;jp_sano
mark_ebpb;FA
markrt;ChrisRenwick
marky_mark34;debbiehabib_
marlybreann;tbhjustlol
marmx3;stephencbishop
marnbt;RaquelAveeeiro
martmannion;FA
marv_p;Arfanchaudhry;kenjeong
marz05;FA
mash09;VanArtGallery;markos
mat711;Shaunstah
matejaburisa;Team_Smoldy
mattieparks_3;DeAndra_14
mattydurgin;bruceschoenfeld
maverrikkk;BurgerrB;deLusticious
mc;ph
mcintyrerayne;marie_sheira
mdelturco95;tracideannn
melliebuse;CameronYardeJnr
meow_at_me_;AntiJokeTyrone
meredithoffman;Cjhamilton4
merriday_brandy;kenjeong
mfgaede;RoxanneShirazi
mhmmdfkr_4;RMNewsFlash
michico_angel;Dukong_taeng
mikemeginnis;108
millionAire_too;arriel29
mimiariengo89;1DLittleSecret
misskubelik;Fearless15ers
mjvulch;qz
monday40;11W;MannyActa14
montCAPboii1;ASSonLOSO
montyxxo;_ODJ_
mooney_steve99;TylerLumberjack
morakinyoHadeyT;FA
mpahoulis11;indyaxo
mrbenjaminlaw;AnthonyLevin
msglap;Heymebe_Hayley
mshiek;theoneringnet
mslaurenliz;nrawding116
namat05;AntiJokeTyrone
native_rapper;BeatPoteto;ookuboy
naxeerdankoli;Its_ybello
newparad_gm;imagina7ion
nhl_panthersfan;breeeeee__
nickfletchergdn;BV;BW
nicole21290;Nicole_Stapler;fembot77
niiallsgiirll;1DLittleSecret;vanillalattehes
nikolayvanchev;qz
nlcole_foo;SheibourneHotel
noel_elizabethh;Derek__Foreal
noelleloyello;jenna_r_
noemzz_;ImAntOrtiz
nr;iA;pm;qz;wr
nrawding116;mslaurenliz
nufcislife;paulmcdermottt
off2wine;bruceschoenfeld
officialjoseiii;_NG3_
ohgeezluis;BestLumpiaNA
ohhkass;hotjamalle
ohhlels;_meganf_
ohmyliam;1DLittleSecret
ohparksehyoel;exosconvos;sehunxosoul
ohtsenashe;king_pipestem
olashilebakare;PiimyToriah
ombelinejnt;pasletime
onearsenalarmy;FA
oo;BW;iA
ookuboy;native_rapper
originalankur;qz
ot;iA
owen_main;FA
ox;wolfhard
paaquayson;FA
pam0nhadoluanjr;goianadoluan
pamatluing;JakeReesMogg
pandonkey;kenjeong
paralian;Emily_Mangles
paramofe;maivelous
parkertorres98;ApexSteele
paulhboyd1;semoballErin
paulmcdermottt;_NE28;nufcislife
pbradley1965;ADPHUK
pete_stanley;FA;iA
petermcgladdery;ShutUpAndrea
phanatic97;AntiJokeTyrone
philippaxelina;MHerdinius
phototropy;bear_foot
pipipororo;sue_hoshi
piramida;BankToTheFuture
pmrane2703;BW;satyamevjayate
politiquestions;9x
porche_renee;AwfulSam
ppskmedia;EricDegerman
prameshjain12;BurgerrB;DrShobha;LGIndiaTweets
pratapketan;LGIndiaTweets;satyamevjayate
prestigy_moons;saffiah_
prettyPAIDash;MrWhoseUrDaddy
priyankapauly;satyamevjayate
procter25;FA
pushpullvintage;ChipsforthePoor
qjnmh;alexmassie
queenniaaaa;theyloveimane
qx;rx
r_zana;arsenalvision
ra;jennatar
rahmadillafth;IniCewekBanget
randilynn_xx;1DLittleSecret
rangersaregood;Keith_A_20
rantindave;BV;qz
rastapasta42;jf
rawilkinson11;qc
rinnesy;_plxtinuuum
rinniez;corrinrenee
rip1918;kenjeong
robertoooo_78;AntiJokeTyrone
roberts_jillian;Chloe_Vincentt
rohingupta1;satyamevjayate
rotster;markrshaw
rsiuda;iA
rsjay1;CameronYardeJnr
rtbllue;94MarcoVss
rutto_kipkemboi;BW;VisitEngland
rx;44;kb;qx
s_wizzard;kenjeong
sadkittymi;arfia__
saffiah_;prestigy_moons
salma_carrillo;itsSamCollins
sarabenwell;alexmassie
sarah_rutkowski;theSSDaryanani
sarahjane1923;SteveAmiri
sarahleeyoga;44
satiricdistress;Crafterxxx;RajaKalsi
savannahwoodrow;AntiJokeTyrone
seacol13;BW;FA
settle4LES;DiBiaseATL
sevensanchezz;AntiJokeTyrone
shakira_dc;BW
shankap0tomus;kenjeong
sharishawstudio;kenjeong
shaunaxdeee;birds_NESSt
sheisruthkelly;kenjeong
sherley60;pasletime
siddersgeorge;09youngm;raguas4
sirine2b;LoubnaZrari
skylerashtonnn;JustBlaze
smallcomfylouis;1DLittleSecret
smyd_26;Soffia0620;ivettey_
snregenold;kenjeong
songsmakesense;aaronwade4
spillaaar;AntiJokeTyrone
startaMOB;HawksNumbers
stein_gauthier;94MarcoVss
stephanmerkle;11W
stephengood08;FA
stickyfingers63;BV
stumcc761;FA
sue_hoshi;pipipororo
sulliebby;emflint_
sunshine_shanna;bentorrestweets
susiebear38;Loves_Sparkle;ao
szoges;hh
tAyDoReMaSh;IAmMulo
t_sarahhh;AyeeeFal;ellagantx
tackettdc;BV
tallecChristoph;qz
tastyliam;1DLittleSecret
taylarbaay;B_Ryan7
teatyme1;JustBlaze
teeflawlesss_;indigo_47_
teegssmith;j_wils96
tentril;jennatar
theSSDaryanani;sarah_rutkowski
thebetbutler;leephelps
thedngrs;1DLittleSecret
thefoodloft;Heritage_Radio
thegraftonnw5;WeBroughtBeer
thelorddraehn;CollinsCorina
themohaahmed;xperienceharlem
theninesixx;Blazed_Zombie
therealZackKatz;BW
therohanization;kenjeong
theskipperdees;lindsay_lee
theyloveimane;queenniaaaa
thisissharrieff;Officiaaljaz_;_ezSteezy
tino_villegas;settle4LES
tnewtondunn;JakeReesMogg
todd_diesel95;caaitlinmccann
tomlinsorcier;txmlintwerk
tommy2hotty;kenjeong
tommybenit;FA
tracideannn;mdelturco95
tran_bill;SophiaBerrios
treysanford;thecajuncleaver
trixiesexyy;itsmeLyAn27
tw;44;lg
twofortwomaybe;sdcmedia
tylerichardson7;ReggieWLTX;_megan22
ubsta_;MsTj_Siqila
ullmatic;kweenkuntaa
ultrasftc1;BoobsPics
underwoodkatic;Paigelp13;wanderingmindds
untiltheygo;Shakestweetz;jennatar
uwantnee;LiveLifeLydz
vaalouuz;AnnaRvr
valourchd;kweenkuntaa
vanillalattehes;niiallsgiirll
vanvannnnn;tbhjustlol
varcel1d;1DLittleSecret
varelamendi;BeaSalgado7
verminmark;kenjeong
viccsuchecki;MADDIIIEE
vickyd_817;OmfgitsEdith
victa_co;qz
viveunpoquito;AnaRent
waitingirl13;HanFreakinSolo;politiquestions
wanakafilm;3FE
wanderingmindds;underwoodkatic
warholskidd;Leathercrocs
wazzalachels;JuleeQuintana
wdwnotjustkids;Youthguy07
welOVEJassy;Is_That_Gage;xotiaa_
wendypauyon;TawaKaNaman
wennyyy_;ChocoFlavour
wesleyroberts4;Deepowell_62;KasiaMitchell;Kololiaaionee
willi_knecht;DavidBernard21
wolfinhd;kenjeong
wr;iA;lg
ws;a2
wstdyth420;_Jocelynee13
wydubawuqavu;wyqenujemaha
xBlainx;OhMyJulia_
xChee_;kevenBasehooper
xOBLiViiOUS;btwlayy
xjbftmc;LucasGraells
xotiaa_;welOVEJassy
yahoomac;drunkjaysfans
yakelinee_xo;alltimeadtr
yemil2013;Austin_Balos97
yootonna;_YeahImShort
yootopea;GreyhoundsGolf
youngMikePhelps;JustBlaze;ReezyDoe
youngboy_juney;BallOut__Duke;Nenneeee_;_iprettynay
younglink;GamesBeat
youngzebra;LindseeyNicole
yourroyalfresh;chris_wanless;tbhjustlol
youseph_11;FA
yupitstifftiff;Tashaa_17
zamonizuka;FA
