essam71312, 88
daviddale35901, daviddale35901,0
bangerzaf, bangerzaf,0
austinmohr00, 1
alsgrl78, alsgrl78,0
ahhsahh, ahhsahh,0
__HAYOON, 115
emilyho62038886, 5
a_epic, a_epic,0
falnelind, 51
DevonNoutch, DevonNoutch,0
crystalarachnid, 45
FaZePryZee, 784
emmanicoleee__, 2
AhmadNurRohman, 113
beatriz_bieber9, 190
babcock_brianna, 1
abieeamoez, 720
1hashasi, 94
Are_U_Hungry, 20
FadyOnsy2, 8
andrew_thanks, andrew_thanks,0
Eduardo_Guedez, 97
AboutIt_Tay, 655
CBiscuit116, 37
exim_102, exim_102,0
aishanura, 5
ashishk199463, 1
DecimusHilarius, 6
ASBuford, 59
domingotrejo1, 2889
dreahelfer, 51
ashhleyserrano, 17
ericstorey, ericstorey,0
EllieHall8, EllieHall8,0
CliftonCafe, 1
Federiko21, 60
ClairJee, 37
BerdugoTamy, 30
_NYO9, 1204
balldontlie9, 573
brhnita, 328
dstinodmocracia, 132
Fiafifu, 2414
Carpevinumblog, 604
almodawish, 3
CrystalKuehl, 161
dudeblood, 1
babydani16, 19
davidclee818, davidclee818,0
Anna8x8, 39
Ellie_Macintyre, 181
AuraPOPofficial, 6
fashionbyrd, 320
Becci_Chan, 1
adila145, 728
dwellenstein, 99
aayush2101, 257
AnaR915, 216
dhegan17, 150
CayleeCake_, 129
brookewaibel, 454
CroomPam, 255
drina_was_here, 56
EServanF, 959
aabnation, 98
bambamtwins, 16
chizu0611, 1042
__RAWood, 112
elenacenteno3, 221
CaliGamer87, 1099
belieberxx97, 1125
AleeJb2000, 182
fedesammartin, 209
CoffeySamantha9, 159
AmErica_Murphy, 26
Aakarsh_sree, 143
clioweb, 507
catarinaiaraujo, 1471
ConorTheKing, 76
diaspradiptaa, 1823
Aleksandar_zevs, 770
4everwine, 120
AmiliaPermataS, 357
DeborahfromDetr, 468
Drunkbrunettes, 127
BrownskinTee_1, 670
ach_ayuneram, 2577
Fabio_Natali, 1
exoternal, 367
abaldonero, 770
aarold01, 443
4x4_xtreme, 1754
EchosPolitique, 1081
_NDubayan, 604
AryaSetiadharma, 2337
DuarteS45, 2759
difarmesa, 95
denistancl, 825
BRUNOCANQUERINI, 806
ArgentGuy, 105
abby2012_abby, 76
15turra, 515
carlyjophillips, 183
Dukong_taeng, 2285
auliasantosa29, 431
BVBfansUK_NW, 497
allie_catt13, 237
cody_brewer, 246
cissatimm, 236
descubes, 558
CCUSABiz, CCUSABiz,0
arrobalipee_, 754
_Marseille, 434
elliee_baynham, 369
aaronpc59, 1244
Dizzie2k, 158
EnriquePoehlman, 768
ClementEmery, 1256
ahmadniyzar_, 676
DanDanswilliams, 408
BlogdaTM, 27
Admoretta, 389
AngelitaRam, 1189
bthurm85, 430
1140miles, 186
camiich1D, 1195
erinurban, 1629
Dino_Saur1, 940
FaraahMA, 1155
ettbrowneyes, 257
Atiqah0505, 573
eromerox13, 191
EspinalAngie, 1365
anjeljaneh, 151
bwisebw, 888
bbcof83, 487
_iCelosa, 446
AppealingManic, 39
ArielaMoreno, ArielaMoreno,0
BelSeQueMeAmas, 1259
eastersss, 218
AnonDitto, 459
damnrainydays, 84
CupidStunt_, 314
dead_babyy, 1176
AinsleeValles, 2
AvritMcCotter, AvritMcCotter,0
AmandaJihan, 677
AlexJimenezDj, 2053
_Faraz, 793
dygmln, 1368
_NYOx, 642
alex35foot, 566
emilystlawrence, 332
AimaraGalarza, 1906
DayleGifford, 418
BubuYezzi6, 860
DJG1NUCS, 1018
DMariette, 3029
abraughler, 146
akaasartule, 300
AJHayez, 526
carina_andrada, 2323
cabreraelena5, 231
cade_dallwitz1, 1066
_AshleyMarie1, 427
AmandineHln, 1664
94Fifty, 890
CarloosGaarza7, 1266
connmack30, 503
beechEdesignz, 1391
CarlaA_13, 2019
BEbee533, 129
allenarayne, 763
Brooklynnnn3, 517
believier, 1983
essmaxwell, 894
_MVAN, 789
BobLivingston, 398
ashleigh_b2016, 1343
CandisHooley, 1
EnrichettaWarde, EnrichettaWarde,0
ChildersMorgan, 740
_Mx91, 1235
badia420, 1491
DilenDeGuia, 1826
cl4ppyG, 54
andrewdaaboul, 312
chanel_merp, 164
FikriFiq1, 2025
dickclucas, 483
ChaseEiland, 232
_wadem, 1605
aida_almiron, 1104
elliemcwilliams, 842
camillalewis, 260
anacristina1227, 1430
_Natykirsch, 1523
amynmore, 338
Axis22, 367
Deluxe_922, 336
Alex_Siber, 482
bieberspige12, 2681
ConnelSage, 625
chinedulopez, 950
_doreli_, 2415
carolahuna, 325
David_Nagy13, 1745
aSouthIndian, 901
cervantestweets, 696
AndrewHopkins15, 389
cathyca_, 2187
chrisophren, 1117
1DLittleSecret, 511
chelssawaya, 756
avecLamourCASSI, 827
AsroyyAlcantara, 785
cavechic, 995
AmniiF_, 887
angeurysm, 497
Christiana1114, 576
CajsaJacobsen, 1630
Big_ThUg31, 784
basedelena, 398
emmett_fox, 408
Astrobrandology, 979
coughssparkles, 449
Ashleey_Dallas, 1808
afifaabdjalil, 1548
danaalarbeed_, 487
_romelie22, 1321
czlivelovelaugh, 2918
behro00oz, 6
C_mentzer, 1041
CorArdens, 1216
brblovingdemi, 2590
charsbusiness_, 14
char_edney, 748
AdamBressler, 334
docktimus_prime, 809
BizzleYonce, 675
FemiMykael, 127
Ess_jay_pee, 629
2leftcheeks, 1190
Christinaaa__xo, 972
Alexandra__Rock, 1893
ARTORICAL, 2363
ColeBlooded16, 478
austintucker47, 418
CBiscuit213, 1947
44, 510
_chelllle_, 1140
aldisha_tamara, 1210
_colvin, 1287
danielleburgoyn, 542
AndyWeldon1, 1359
ashleyrenee2291, 525
_BitchYouSEEMe, 359
eddyvera0, 601
BeneGae, 1477
DarkheartUnique, 395
ethanshumski4L, 654
Billgateslove, 356
50ShadzofGold, 313
AlexandraTihane, 2672
carpedisdick, 1831
angelgrimes36, 663
Bankruptcy2mBoo, 2320
Csereno_67, 1031
_brianakelley, 1177
caparica1975, 396
4evercrazycool, 755
_Farad, 425
danicyarr, 838
EllieHammy, 1264
2CW, 2045
ChriSaunders, 321
br_britni, 1161
emely_danielle_, 140
AyyCeci, 983
danielle4334, 1691
animaux__, 927
breendapillai_, 2181
AarynMasangcay, 306
AbbieAdwell, 1501
EmmaDarch, 2838
AudreyTCarroll, 471
clpauwels, 281
astrology_day, astrology_day,0
FearTheNando, 878
Baileeyylynnn, 1200
dr_tatas, 455
alexxthorntonn, 1035
BeckstromStacey, 1492
cokegold, 684
Cjrussell6, 524
DebiSnyder, 1662
Ashley_W25, 1432
anisajade_xx, 727
cindyjuarez6, 1176
ChelsTopley, 522
chifumnanyao, 1772
arctichowll, 734
DrStrangeLove22, 115
cARAbALSAM0, 848
becca_hoffman22, 741
emilykallas17, 2072
ellie_keller21, 1919
alexa_grant, 1714
_ziggystar, 110
chen_2911, 1001
erin_jamieson, 1055
_tibbyyy, 817
Becky__Patten, 745
APM3141, 1118
_SignedbyRie, 590
awfullylost, 1932
ahxinnn_, 691
_gizzlybear, 601
AshMeLater__, 958
chilll1d, 3173
dreayaya_WGP, 593
D_Banx, 957
ahhh_dee, 1451
_amysantillan, 2024
ballislifesave, 184
Claudiaahumada_, 2427
2CC, 257
AshleyChrysler, 1437
26, 951
cherrybombs_xo, 262
Deena_Simon, 1121
chinchilla_310, 1882
falcondelta81, 1261
bowma02, 136
bengillam, 296
ChunkyCheek1, 1921
alyssaclandez, 166
Brooklynnn_R, 642
cwmpbb, 261
charleyhallx, 956
breezyclarkie, 761
1k2, 1502
briannamarselle, 690
brookins13, 1027
_Fabjr, 598
Elle_Anna_rose, 2188
dutchmaster_lex, 1552
blairecap, 371
bbcottt, 749
AyeeeBri, 1161
BisettiVanessa, 3074
emilywoodford55, 588
_NXMO, 1002
AlexandraaCasoo, 1242
DykeVanTom, 1435
FaisalBasrah, 1206
courrtsmithh, 2203
DJCosmo7, DJCosmo7,0
DoubleUp_Byrdie, 192
basedemily, 1452
CheesyKev, 1672
Bunnyloversyou, 1347
AmyWilkes15, 712
DominickAzores1, 2292
_dani_ross, 973
crickwooder, 682
cathi_serra, 1678
davidsting414, 1824
briannazeyhnn, 583
_LuVa, 719
Crafterxxx, 602
Crabb90, 1105
CornellJones202, 711
_kissmarissa, 1271
Benfellows7, 294
bronXraised, 446
_Faavi, 447
Emanwhale, 1426
_chellllle, 1832
__bartonn, 833
Brand0n_Ellis, 427
dianaxtrejo, 1243
carbine10101, 5
DThcknSexc1, 806
DailyDoseOfDee, 907
__Junebugg, 1786
CynquettaDean, 2092
asssssston, 780
Autumnkylie1026, 702
_loveeaij, 507
Ale_carl36, 1510
_beatrizrivera, 1116
BLAC_MONA_LISA, 252
_ashleySoWhat, 343
__XIXVIII, 1186
AndrewHopkins16, 352
____choppa, 429
Brooklynn_BK, 696
dopee_bitches, 222
